,genes_name,genes_id,genes_href,RNA_name,RNA_id,RNA_href
0,glnV,EG30029,https://biocyc.org/gene?orgid=ECOLI&id=EG30029,tRNA-Gln(CUG),glnV-tRNA,https://biocyc.org/gene?orgid=ECOLI&id=glnV-tRNA
1,glnW,EG30030,https://biocyc.org/gene?orgid=ECOLI&id=EG30030,tRNA-Gln(UUG),glnW-tRNA,https://biocyc.org/gene?orgid=ECOLI&id=glnW-tRNA
2,glnX,EG30031,https://biocyc.org/gene?orgid=ECOLI&id=EG30031,tRNA-Gln(CUG),glnX-tRNA,https://biocyc.org/gene?orgid=ECOLI&id=glnX-tRNA
3,glnU,EG30028,https://biocyc.org/gene?orgid=ECOLI&id=EG30028,tRNA-Gln(UUG),glnU-tRNA,https://biocyc.org/gene?orgid=ECOLI&id=glnU-tRNA
4,,,,D-tyrosyl-tRNATyr,D-TYROSYL-TRNATYR,https://biocyc.org/gene?orgid=ECOLI&id=D-TYROSYL-TRNATYR
5,serW,EG30096,https://biocyc.org/gene?orgid=ECOLI&id=EG30096,tRNA-Ser(GGA),serW-tRNA,https://biocyc.org/gene?orgid=ECOLI&id=serW-tRNA
6,serT,EG30093,https://biocyc.org/gene?orgid=ECOLI&id=EG30093,tRNA-Ser(UGA),serT-tRNA,https://biocyc.org/gene?orgid=ECOLI&id=serT-tRNA
7,serX,EG30097,https://biocyc.org/gene?orgid=ECOLI&id=EG30097,tRNA-Ser(GGA),serX-tRNA,https://biocyc.org/gene?orgid=ECOLI&id=serX-tRNA
8,,,,lysidine-modified tRNAileX,lysidine-tRNA-ileX,https://biocyc.org/gene?orgid=ECOLI&id=lysidine-tRNA-ileX
9,serU,EG30094,https://biocyc.org/gene?orgid=ECOLI&id=EG30094,tRNA-Ser(CGA),serU-tRNA,https://biocyc.org/gene?orgid=ECOLI&id=serU-tRNA
10,serV,EG30095,https://biocyc.org/gene?orgid=ECOLI&id=EG30095,tRNA-Ser(GCU),serV-tRNA,https://biocyc.org/gene?orgid=ECOLI&id=serV-tRNA
11,selC,EG30092,https://biocyc.org/gene?orgid=ECOLI&id=EG30092,tRNA-Sec(UCA),selC-tRNA,https://biocyc.org/gene?orgid=ECOLI&id=selC-tRNA
12,pheU,EG30064,https://biocyc.org/gene?orgid=ECOLI&id=EG30064,tRNA-Phe(GAA),pheU-tRNA,https://biocyc.org/gene?orgid=ECOLI&id=pheU-tRNA
13,pheV,EG30065,https://biocyc.org/gene?orgid=ECOLI&id=EG30065,tRNA-Phe(GAA),pheV-tRNA,https://biocyc.org/gene?orgid=ECOLI&id=pheV-tRNA
14,alaW,EG30011,https://biocyc.org/gene?orgid=ECOLI&id=EG30011,tRNA-Ala(GGC),alaW-tRNA,https://biocyc.org/gene?orgid=ECOLI&id=alaW-tRNA
15,alaT,EG30008,https://biocyc.org/gene?orgid=ECOLI&id=EG30008,tRNA-Ala(UGC),alaT-tRNA,https://biocyc.org/gene?orgid=ECOLI&id=alaT-tRNA
16,alaX,EG30012,https://biocyc.org/gene?orgid=ECOLI&id=EG30012,tRNA-Ala(GGC),alaX-tRNA,https://biocyc.org/gene?orgid=ECOLI&id=alaX-tRNA
17,alaU,EG30009,https://biocyc.org/gene?orgid=ECOLI&id=EG30009,tRNA-Ala(UGC),alaU-tRNA,https://biocyc.org/gene?orgid=ECOLI&id=alaU-tRNA
18,alaV,EG30010,https://biocyc.org/gene?orgid=ECOLI&id=EG30010,tRNA-Ala(UGC),alaV-tRNA,https://biocyc.org/gene?orgid=ECOLI&id=alaV-tRNA
19,glyW,EG30039,https://biocyc.org/gene?orgid=ECOLI&id=EG30039,tRNA-Gly(GCC),glyW-tRNA,https://biocyc.org/gene?orgid=ECOLI&id=glyW-tRNA
20,glyT,EG30036,https://biocyc.org/gene?orgid=ECOLI&id=EG30036,tRNA-Gly(UCC),glyT-tRNA,https://biocyc.org/gene?orgid=ECOLI&id=glyT-tRNA
21,glyX,EG30040,https://biocyc.org/gene?orgid=ECOLI&id=EG30040,tRNA-Gly(GCC),glyX-tRNA,https://biocyc.org/gene?orgid=ECOLI&id=glyX-tRNA
22,glyU,EG30037,https://biocyc.org/gene?orgid=ECOLI&id=EG30037,tRNA-Gly(CCC),glyU-tRNA,https://biocyc.org/gene?orgid=ECOLI&id=glyU-tRNA
23,glyY,EG30041,https://biocyc.org/gene?orgid=ECOLI&id=EG30041,tRNA-Gly(GCC),glyY-tRNA,https://biocyc.org/gene?orgid=ECOLI&id=glyY-tRNA
24,glyV,EG30038,https://biocyc.org/gene?orgid=ECOLI&id=EG30038,tRNA-Gly(GCC),glyV-tRNA,https://biocyc.org/gene?orgid=ECOLI&id=glyV-tRNA
25,symR,G0-10610,https://biocyc.org/gene?orgid=ECOLI&id=G0-10610,small regulatory RNA antitoxin SymR,RNA0-334,https://biocyc.org/ECOLI/NEW-IMAGE?type=Polynucleotides&object=RNA0-334
26,micF,EG30063,https://biocyc.org/gene?orgid=ECOLI&id=EG30063,small regulatory RNA MicF,MICF-RNA,https://biocyc.org/ECOLI/NEW-IMAGE?type=Polynucleotides&object=MICF-RNA
27,glmY,G0-8910,https://biocyc.org/gene?orgid=ECOLI&id=G0-8910,small regulatory RNA GlmY,TKE1-RNA,https://biocyc.org/ECOLI/NEW-IMAGE?type=Polynucleotides&object=TKE1-RNA
28,rprA,G0-8863,https://biocyc.org/gene?orgid=ECOLI&id=G0-8863,small regulatory RNA RprA,RPRA-RNA,https://biocyc.org/ECOLI/NEW-IMAGE?type=Polynucleotides&object=RPRA-RNA
29,C0293,G0-8897,https://biocyc.org/gene?orgid=ECOLI&id=G0-8897,e14 prophage; small regulatory RNA C0293,RNA0-409,https://biocyc.org/ECOLI/NEW-IMAGE?type=Polynucleotides&object=RNA0-409
30,ohsC,G0-10598,https://biocyc.org/gene?orgid=ECOLI&id=G0-10598,small regulatory RNA OhsC,RNA0-330,https://biocyc.org/ECOLI/NEW-IMAGE?type=Polynucleotides&object=RNA0-330
31,gcvB,G0-8867,https://biocyc.org/gene?orgid=ECOLI&id=G0-8867,small regulatory RNA GcvB,GCVB-RNA,https://biocyc.org/ECOLI/NEW-IMAGE?type=Polynucleotides&object=GCVB-RNA
32,arcZ,G0-8871,https://biocyc.org/gene?orgid=ECOLI&id=G0-8871,small regulatory RNA ArcZ,SRAH-RNA,https://biocyc.org/ECOLI/NEW-IMAGE?type=Polynucleotides&object=SRAH-RNA
33,asphoP,G0-17124,https://biocyc.org/gene?orgid=ECOLI&id=G0-17124,small antisense RNA AsphoP,RNA0-439,https://biocyc.org/ECOLI/NEW-IMAGE?type=Polynucleotides&object=RNA0-439
34,pspH,G0-16700,https://biocyc.org/gene?orgid=ECOLI&id=G0-16700,small regulatory RNA PspH,RNA0-400,https://biocyc.org/ECOLI/NEW-IMAGE?type=Polynucleotides&object=RNA0-400
35,istR,G0-10201,https://biocyc.org/gene?orgid=ECOLI&id=G0-10201,small regulatory RNA IstR-1,RNA0-282,https://biocyc.org/ECOLI/NEW-IMAGE?type=Polynucleotides&object=RNA0-282
36,csrC,G0-8874,https://biocyc.org/gene?orgid=ECOLI&id=G0-8874,small regulatory RNA CsrC,CSRC-RNA,https://biocyc.org/ECOLI/NEW-IMAGE?type=Polynucleotides&object=CSRC-RNA
37,micA,G0-8866,https://biocyc.org/gene?orgid=ECOLI&id=G0-8866,small regulatory RNA MicA,SRAD-RNA,https://biocyc.org/ECOLI/NEW-IMAGE?type=Polynucleotides&object=SRAD-RNA
38,rrlG,EG30082,https://biocyc.org/gene?orgid=ECOLI&id=EG30082,23S ribosomal RNA,RRLG-RRNA,https://biocyc.org/gene?orgid=ECOLI&id=RRLG-RRNA
39,cpxQ,G0-16649,https://biocyc.org/gene?orgid=ECOLI&id=G0-16649,small regulatory RNA CpxQ,RNA0-389,https://biocyc.org/ECOLI/NEW-IMAGE?type=Polynucleotides&object=RNA0-389
40,rrlC,EG30079,https://biocyc.org/gene?orgid=ECOLI&id=EG30079,23S ribosomal RNA,RRLC-RRNA,https://biocyc.org/gene?orgid=ECOLI&id=RRLC-RRNA
41,ralA,G0-16600,https://biocyc.org/gene?orgid=ECOLI&id=G0-16600,Rac prophage; small regulatory RNA antitoxin RalA,RNA0-385,https://biocyc.org/ECOLI/NEW-IMAGE?type=Polynucleotides&object=RNA0-385
42,rrlH,EG30083,https://biocyc.org/gene?orgid=ECOLI&id=EG30083,23S ribosomal RNA,RRLH-RRNA,https://biocyc.org/gene?orgid=ECOLI&id=RRLH-RRNA
43,rdlC,G0-9608,https://biocyc.org/gene?orgid=ECOLI&id=G0-9608,putative antisense regulatory RNA RdlC,RNA0-163,https://biocyc.org/ECOLI/NEW-IMAGE?type=Polynucleotides&object=RNA0-163
44,rrlD,EG30080,https://biocyc.org/gene?orgid=ECOLI&id=EG30080,23S ribosomal RNA,RRLD-RRNA,https://biocyc.org/gene?orgid=ECOLI&id=RRLD-RRNA
45,ssrS,EG30099,https://biocyc.org/gene?orgid=ECOLI&id=EG30099,6S RNA,6S-RNA,https://biocyc.org/ECOLI/NEW-IMAGE?type=Polynucleotides&object=6S-RNA
46,rrlA,EG30077,https://biocyc.org/gene?orgid=ECOLI&id=EG30077,23S ribosomal RNA,RRLA-RRNA,https://biocyc.org/gene?orgid=ECOLI&id=RRLA-RRNA
47,omrB,G0-8882,https://biocyc.org/gene?orgid=ECOLI&id=G0-8882,small regulatory RNA OmrB,RYGB-RNA,https://biocyc.org/ECOLI/NEW-IMAGE?type=Polynucleotides&object=RYGB-RNA
48,rrlE,EG30081,https://biocyc.org/gene?orgid=ECOLI&id=EG30081,23S ribosomal RNA,RRLE-RRNA,https://biocyc.org/gene?orgid=ECOLI&id=RRLE-RRNA
49,azuR,G0-17112,https://biocyc.org/gene?orgid=ECOLI&id=G0-17112,small regulatory RNA AzuR,RNA0-430,https://biocyc.org/ECOLI/NEW-IMAGE?type=Polynucleotides&object=RNA0-430
50,rrlB,EG30078,https://biocyc.org/gene?orgid=ECOLI&id=EG30078,23S ribosomal RNA,RRLB-RRNA,https://biocyc.org/gene?orgid=ECOLI&id=RRLB-RRNA
51,sdsN,G0-10699,https://biocyc.org/gene?orgid=ECOLI&id=G0-10699,small regulatory RNA SdsN,RNA0-361,https://biocyc.org/ECOLI/NEW-IMAGE?type=Polynucleotides&object=RNA0-361
52,sroC,G0-9383,https://biocyc.org/gene?orgid=ECOLI&id=G0-9383,small regulatory RNA SroC,RNA0-124,https://biocyc.org/ECOLI/NEW-IMAGE?type=Polynucleotides&object=RNA0-124
53,sibB,G0-8885,https://biocyc.org/gene?orgid=ECOLI&id=G0-8885,small RNA SibB,RYED-RNA,https://biocyc.org/ECOLI/NEW-IMAGE?type=Polynucleotides&object=RYED-RNA
54,ftsO,G0-17085,https://biocyc.org/gene?orgid=ECOLI&id=G0-17085,small regulatory RNA FtsO,RNA0-413,https://biocyc.org/ECOLI/NEW-IMAGE?type=Polynucleotides&object=RNA0-413
55,mgrR,G0-10671,https://biocyc.org/gene?orgid=ECOLI&id=G0-10671,small regulatory RNA MgrR,RNA0-348,https://biocyc.org/ECOLI/NEW-IMAGE?type=Polynucleotides&object=RNA0-348
56,oxyS,EG31116,https://biocyc.org/gene?orgid=ECOLI&id=EG31116,small regulatory RNA OxyS,OXYS-RNA,https://biocyc.org/ECOLI/NEW-IMAGE?type=Polynucleotides&object=OXYS-RNA
57,micC,G0-8901,https://biocyc.org/gene?orgid=ECOLI&id=G0-8901,small regulatory RNA MicC,TKE8-RNA,https://biocyc.org/ECOLI/NEW-IMAGE?type=Polynucleotides&object=TKE8-RNA
58,rybB,G0-8880,https://biocyc.org/gene?orgid=ECOLI&id=G0-8880,small regulatory RNA RybB,RYBB-RNA,https://biocyc.org/ECOLI/NEW-IMAGE?type=Polynucleotides&object=RYBB-RNA
59,asompR,G0-17123,https://biocyc.org/gene?orgid=ECOLI&id=G0-17123,small antisense RNA AsompR,RNA0-438,https://biocyc.org/ECOLI/NEW-IMAGE?type=Polynucleotides&object=RNA0-438
60,malH,G0-17082,https://biocyc.org/gene?orgid=ECOLI&id=G0-17082,small regulatory RNA MalH,RNA0-410,https://biocyc.org/ECOLI/NEW-IMAGE?type=Polynucleotides&object=RNA0-410
61,ryfD,G0-10600,https://biocyc.org/gene?orgid=ECOLI&id=G0-10600,small regulatory RNA RyfD,RNA0-331,https://biocyc.org/ECOLI/NEW-IMAGE?type=Polynucleotides&object=RNA0-331
62,mcaS,G0-8899,https://biocyc.org/gene?orgid=ECOLI&id=G0-8899,small regulatory RNA McaS,IS061-RNA,https://biocyc.org/ECOLI/NEW-IMAGE?type=Polynucleotides&object=IS061-RNA
63,ryhB,G0-8872,https://biocyc.org/gene?orgid=ECOLI&id=G0-8872,small regulatory RNA RyhB,SRAI-RNA,https://biocyc.org/ECOLI/NEW-IMAGE?type=Polynucleotides&object=SRAI-RNA
64,ameF,G0-17125,https://biocyc.org/gene?orgid=ECOLI&id=G0-17125,small antisense RNA aMEF,RNA0-440,https://biocyc.org/ECOLI/NEW-IMAGE?type=Polynucleotides&object=RNA0-440
65,sdhX,G0-17009,https://biocyc.org/gene?orgid=ECOLI&id=G0-17009,small regulatory RNA SdhX,RNA0-403,https://biocyc.org/ECOLI/NEW-IMAGE?type=Polynucleotides&object=RNA0-403
66,rseX,G0-10574,https://biocyc.org/gene?orgid=ECOLI&id=G0-10574,small regulatory RNA RseX,RNA0-327,https://biocyc.org/ECOLI/NEW-IMAGE?type=Polynucleotides&object=RNA0-327
67,dicF,EG31115,https://biocyc.org/gene?orgid=ECOLI&id=EG31115,Qin prophage; small regulatory RNA DicF,DICF-RNA,https://biocyc.org/ECOLI/NEW-IMAGE?type=Polynucleotides&object=DICF-RNA
68,omrA,G0-8868,https://biocyc.org/gene?orgid=ECOLI&id=G0-8868,small regulatory RNA OmrA,SRAE-RNA,https://biocyc.org/ECOLI/NEW-IMAGE?type=Polynucleotides&object=SRAE-RNA
69,stfZ,G0-17120,https://biocyc.org/gene?orgid=ECOLI&id=G0-17120,small antisense RNA StfZ,RNA0-436,https://biocyc.org/ECOLI/NEW-IMAGE?type=Polynucleotides&object=RNA0-436
70,rirA,G0-16662,https://biocyc.org/gene?orgid=ECOLI&id=G0-16662,small regulatory RNA RirA,RNA0-390,https://biocyc.org/ECOLI/NEW-IMAGE?type=Polynucleotides&object=RNA0-390
71,ssrA,EG30100,https://biocyc.org/gene?orgid=ECOLI&id=EG30100,tmRNA,SSRA-RNA,https://biocyc.org/ECOLI/NEW-IMAGE?type=Polynucleotides&object=SSRA-RNA
72,micL,G0-16601,https://biocyc.org/gene?orgid=ECOLI&id=G0-16601,small regulatory RNA MicL-S,RNA0-386,https://biocyc.org/ECOLI/NEW-IMAGE?type=Polynucleotides&object=RNA0-386
73,sokB,G0-9611,https://biocyc.org/gene?orgid=ECOLI&id=G0-9611,putative small regulatory RNA antitoxin SokB,RNA0-165,https://biocyc.org/ECOLI/NEW-IMAGE?type=Polynucleotides&object=RNA0-165
74,sibD,G0-8913,https://biocyc.org/gene?orgid=ECOLI&id=G0-8913,small RNA SibD,C0730-RNA,https://biocyc.org/ECOLI/NEW-IMAGE?type=Polynucleotides&object=C0730-RNA
75,sibC,G0-8886,https://biocyc.org/gene?orgid=ECOLI&id=G0-8886,small regulatory RNA antitoxin SibC,RYGC-RNA,https://biocyc.org/ECOLI/NEW-IMAGE?type=Polynucleotides&object=RYGC-RNA
76,fimR2,G0-17115,https://biocyc.org/gene?orgid=ECOLI&id=G0-17115,small regulatory RNA FimR2,RNA0-432,https://biocyc.org/ECOLI/NEW-IMAGE?type=Polynucleotides&object=RNA0-432
77,och5,G0-10701,https://biocyc.org/gene?orgid=ECOLI&id=G0-10701,small regulatory RNA Och5,RNA0-363,https://biocyc.org/ECOLI/NEW-IMAGE?type=Polynucleotides&object=RNA0-363
78,sokC,G0-9581,https://biocyc.org/gene?orgid=ECOLI&id=G0-9581,small regulatory RNA antitoxin SokC,RNA0-141,https://biocyc.org/ECOLI/NEW-IMAGE?type=Polynucleotides&object=RNA0-141
79,cyaR,G0-8878,https://biocyc.org/gene?orgid=ECOLI&id=G0-8878,small regulatory RNA CyaR,RYEE-RNA,https://biocyc.org/ECOLI/NEW-IMAGE?type=Polynucleotides&object=RYEE-RNA
80,zbiJ,G0-17089,https://biocyc.org/gene?orgid=ECOLI&id=G0-17089,small regulatory RNA ZbiJ,RNA0-417,https://biocyc.org/ECOLI/NEW-IMAGE?type=Polynucleotides&object=RNA0-417
81,fnrS,G0-10677,https://biocyc.org/gene?orgid=ECOLI&id=G0-10677,small regulatory RNA FnrS,RNA0-349,https://biocyc.org/ECOLI/NEW-IMAGE?type=Polynucleotides&object=RNA0-349
82,rdlD,G0-9042,https://biocyc.org/gene?orgid=ECOLI&id=G0-9042,antisense regulatory RNA RdlD,RDLD-RNA,https://biocyc.org/ECOLI/NEW-IMAGE?type=Polynucleotides&object=RDLD-RNA
83,rydB,G0-8876,https://biocyc.org/gene?orgid=ECOLI&id=G0-8876,small regulatory RNA RydB,RYDB-RNA,https://biocyc.org/ECOLI/NEW-IMAGE?type=Polynucleotides&object=RYDB-RNA
84,leuZ,EG30054,https://biocyc.org/gene?orgid=ECOLI&id=EG30054,tRNA-Leu(UAA),leuZ-tRNA,https://biocyc.org/gene?orgid=ECOLI&id=leuZ-tRNA
85,chiZ,G0-17083,https://biocyc.org/gene?orgid=ECOLI&id=G0-17083,small regulatory RNA ChiZ,RNA0-411,https://biocyc.org/ECOLI/NEW-IMAGE?type=Polynucleotides&object=RNA0-411
86,leuV,EG30051,https://biocyc.org/gene?orgid=ECOLI&id=EG30051,tRNA-Leu(CAG),leuV-tRNA,https://biocyc.org/gene?orgid=ECOLI&id=leuV-tRNA
87,sibE,G0-10602,https://biocyc.org/gene?orgid=ECOLI&id=G0-10602,small RNA SibE,RNA0-332,https://biocyc.org/ECOLI/NEW-IMAGE?type=Polynucleotides&object=RNA0-332
88,leuQ,EG30048,https://biocyc.org/gene?orgid=ECOLI&id=EG30048,tRNA-Leu(CAG),leuQ-tRNA,https://biocyc.org/gene?orgid=ECOLI&id=leuQ-tRNA
89,gadY,G0-8914,https://biocyc.org/gene?orgid=ECOLI&id=G0-8914,small regulatory RNA GadY,IS183-RNA,https://biocyc.org/ECOLI/NEW-IMAGE?type=Polynucleotides&object=IS183-RNA
90,leuW,EG30052,https://biocyc.org/gene?orgid=ECOLI&id=EG30052,tRNA-Leu(UAG),leuW-tRNA,https://biocyc.org/gene?orgid=ECOLI&id=leuW-tRNA
91,glmZ,G0-8873,https://biocyc.org/gene?orgid=ECOLI&id=G0-8873,small regulatory RNA GlmZ,SRAJ-RNA,https://biocyc.org/ECOLI/NEW-IMAGE?type=Polynucleotides&object=SRAJ-RNA
92,leuT,EG30049,https://biocyc.org/gene?orgid=ECOLI&id=EG30049,tRNA-Leu(CAG),leuT-tRNA,https://biocyc.org/gene?orgid=ECOLI&id=leuT-tRNA
93,yrdG,G0-17130,https://biocyc.org/gene?orgid=ECOLI&id=G0-17130,arfA-derived small regulatory RNA,RNA0-441,https://biocyc.org/ECOLI/NEW-IMAGE?type=Polynucleotides&object=RNA0-441
94,leuX,EG30053,https://biocyc.org/gene?orgid=ECOLI&id=EG30053,tRNA-Leu(CAA),leuX-tRNA,https://biocyc.org/gene?orgid=ECOLI&id=leuX-tRNA
95,rbsZ,G0-17077,https://biocyc.org/gene?orgid=ECOLI&id=G0-17077,small regulatory RNA RbsZ,RNA0-406,https://biocyc.org/ECOLI/NEW-IMAGE?type=Polynucleotides&object=RNA0-406
96,leuU,EG30050,https://biocyc.org/gene?orgid=ECOLI&id=EG30050,tRNA-Leu(GAG),leuU-tRNA,https://biocyc.org/gene?orgid=ECOLI&id=leuU-tRNA
97,rydC,G0-10592,https://biocyc.org/gene?orgid=ECOLI&id=G0-10592,small regulatory RNA RydC,RNA0-328,https://biocyc.org/ECOLI/NEW-IMAGE?type=Polynucleotides&object=RNA0-328
98,leuP,EG30047,https://biocyc.org/gene?orgid=ECOLI&id=EG30047,tRNA-Leu(CAG),leuP-tRNA,https://biocyc.org/gene?orgid=ECOLI&id=leuP-tRNA
99,dsrA,G7047,https://biocyc.org/gene?orgid=ECOLI&id=G7047,small regulatory RNA DsrA,DSRA-RNA,https://biocyc.org/ECOLI/NEW-IMAGE?type=Polynucleotides&object=DSRA-RNA
100,sraG,G0-8870,https://biocyc.org/gene?orgid=ECOLI&id=G0-8870,small regulatory RNA SraG,SRAG-RNA,https://biocyc.org/ECOLI/NEW-IMAGE?type=Polynucleotides&object=SRAG-RNA
101,ascrp,G0-17122,https://biocyc.org/gene?orgid=ECOLI&id=G0-17122,small antisense RNA AsCRP,RNA0-437,https://biocyc.org/ECOLI/NEW-IMAGE?type=Polynucleotides&object=RNA0-437
102,gadF,G0-16680,https://biocyc.org/gene?orgid=ECOLI&id=G0-16680,small regulatory RNA GadF,RNA0-392,https://biocyc.org/ECOLI/NEW-IMAGE?type=Polynucleotides&object=RNA0-392
103,sgrS,G0-9941,https://biocyc.org/gene?orgid=ECOLI&id=G0-9941,small regulatory RNA SgrS,RNA0-241,https://biocyc.org/ECOLI/NEW-IMAGE?type=Polynucleotides&object=RNA0-241
104,csrB,G0-8785,https://biocyc.org/gene?orgid=ECOLI&id=G0-8785,small regulatory RNA CsrB,CSRB-RNA,https://biocyc.org/ECOLI/NEW-IMAGE?type=Polynucleotides&object=CSRB-RNA
105,spf,EG30098,https://biocyc.org/gene?orgid=ECOLI&id=EG30098,small regulatory RNA Spot 42,SPF-RNA,https://biocyc.org/ECOLI/NEW-IMAGE?type=Polynucleotides&object=SPF-RNA
106,metU,EG30059,https://biocyc.org/gene?orgid=ECOLI&id=EG30059,tRNA-Met(CAU),metU-tRNA,https://biocyc.org/gene?orgid=ECOLI&id=metU-tRNA
107,3'ETS-leuZ,G0-16636,https://biocyc.org/gene?orgid=ECOLI&id=G0-16636,small regulatory RNA 3'ETSleuZ,RNA0-388,https://biocyc.org/ECOLI/NEW-IMAGE?type=Polynucleotides&object=RNA0-388
108,metT,EG30058,https://biocyc.org/gene?orgid=ECOLI&id=EG30058,tRNA-Met(CAU),metT-tRNA,https://biocyc.org/gene?orgid=ECOLI&id=metT-tRNA
109,agrB,G0-10752,https://biocyc.org/gene?orgid=ECOLI&id=G0-10752,small regulatory RNA AgrB,RNA0-380,https://biocyc.org/ECOLI/NEW-IMAGE?type=Polynucleotides&object=RNA0-380
110,rdlB,G0-9606,https://biocyc.org/gene?orgid=ECOLI&id=G0-9606,putative antisense regulatory RNA RdlB,RNA0-162,https://biocyc.org/ECOLI/NEW-IMAGE?type=Polynucleotides&object=RNA0-162
111,ryfA,G0-8879,https://biocyc.org/gene?orgid=ECOLI&id=G0-8879,small regulatory RNA RyfA,RYFA-RNA,https://biocyc.org/ECOLI/NEW-IMAGE?type=Polynucleotides&object=RYFA-RNA
112,aspX,G0-17100,https://biocyc.org/gene?orgid=ECOLI&id=G0-17100,small regulatory RNA AspX,RNA0-418,https://biocyc.org/ECOLI/NEW-IMAGE?type=Polynucleotides&object=RNA0-418
113,arrS,G0-10694,https://biocyc.org/gene?orgid=ECOLI&id=G0-10694,small regulatory RNA ArrS,RNA0-351,https://biocyc.org/ECOLI/NEW-IMAGE?type=Polynucleotides&object=RNA0-351
114,chiX,G0-9382,https://biocyc.org/gene?orgid=ECOLI&id=G0-9382,small regulatory RNA ChiX,RNA0-123,https://biocyc.org/ECOLI/NEW-IMAGE?type=Polynucleotides&object=RNA0-123
115,sdsR,G0-8883,https://biocyc.org/gene?orgid=ECOLI&id=G0-8883,small regulatory RNA SdsR,RYEB-RNA,https://biocyc.org/ECOLI/NEW-IMAGE?type=Polynucleotides&object=RYEB-RNA
116,ispZ,G0-17084,https://biocyc.org/gene?orgid=ECOLI&id=G0-17084,small regulatory RNA IspZ,RNA0-412,https://biocyc.org/ECOLI/NEW-IMAGE?type=Polynucleotides&object=RNA0-412
117,cysT,G7991,https://biocyc.org/gene?orgid=ECOLI&id=G7991,tRNA-Cys(GCA),cysT-tRNA,https://biocyc.org/gene?orgid=ECOLI&id=cysT-tRNA
118,thrW,EG30104,https://biocyc.org/gene?orgid=ECOLI&id=EG30104,tRNA-Thr(CGU),thrW-tRNA,https://biocyc.org/gene?orgid=ECOLI&id=thrW-tRNA
119,thrT,EG30101,https://biocyc.org/gene?orgid=ECOLI&id=EG30101,tRNA-Thr(GGU),thrT-tRNA,https://biocyc.org/gene?orgid=ECOLI&id=thrT-tRNA
120,thrU,EG30102,https://biocyc.org/gene?orgid=ECOLI&id=EG30102,tRNA-Thr(UGU),thrU-tRNA,https://biocyc.org/gene?orgid=ECOLI&id=thrU-tRNA
121,thrV,EG30103,https://biocyc.org/gene?orgid=ECOLI&id=EG30103,tRNA-Thr(GGU),thrV-tRNA,https://biocyc.org/gene?orgid=ECOLI&id=thrV-tRNA
122,lysT,EG30055,https://biocyc.org/gene?orgid=ECOLI&id=EG30055,tRNA-Lys(UUU),lysT-tRNA,https://biocyc.org/gene?orgid=ECOLI&id=lysT-tRNA
123,lysY,G6390,https://biocyc.org/gene?orgid=ECOLI&id=G6390,tRNA-Lys(UUU),RNA0-301,https://biocyc.org/gene?orgid=ECOLI&id=RNA0-301
124,lysV,EG30056,https://biocyc.org/gene?orgid=ECOLI&id=EG30056,tRNA-Lys(UUU),lysV-tRNA,https://biocyc.org/gene?orgid=ECOLI&id=lysV-tRNA
125,lysZ,G6391,https://biocyc.org/gene?orgid=ECOLI&id=G6391,tRNA-Lys(UUU),RNA0-302,https://biocyc.org/gene?orgid=ECOLI&id=RNA0-302
126,lysW,EG30057,https://biocyc.org/gene?orgid=ECOLI&id=EG30057,tRNA-Lys(UUU),lysW-tRNA,https://biocyc.org/gene?orgid=ECOLI&id=lysW-tRNA
127,lysQ,G6392,https://biocyc.org/gene?orgid=ECOLI&id=G6392,tRNA-Lys(UUU),RNA0-303,https://biocyc.org/gene?orgid=ECOLI&id=RNA0-303
128,rrfH,EG30076,https://biocyc.org/gene?orgid=ECOLI&id=EG30076,5S ribosomal RNA,RRFH-RRNA,https://biocyc.org/gene?orgid=ECOLI&id=RRFH-RRNA
129,rrfE,EG30074,https://biocyc.org/gene?orgid=ECOLI&id=EG30074,5S ribosomal RNA,RRFE-RRNA,https://biocyc.org/gene?orgid=ECOLI&id=RRFE-RRNA
130,rrfB,EG30071,https://biocyc.org/gene?orgid=ECOLI&id=EG30071,5S ribosomal RNA,RRFB-RRNA,https://biocyc.org/gene?orgid=ECOLI&id=RRFB-RRNA
131,rrfF,EG30091,https://biocyc.org/gene?orgid=ECOLI&id=EG30091,5S ribosomal RNA,RRFF-RRNA,https://biocyc.org/gene?orgid=ECOLI&id=RRFF-RRNA
132,rrfC,EG30072,https://biocyc.org/gene?orgid=ECOLI&id=EG30072,5S ribosomal RNA,RRFC-RRNA,https://biocyc.org/gene?orgid=ECOLI&id=RRFC-RRNA
133,rrfG,EG30075,https://biocyc.org/gene?orgid=ECOLI&id=EG30075,5S ribosomal RNA,RRFG-RRNA,https://biocyc.org/gene?orgid=ECOLI&id=RRFG-RRNA
134,rrfD,EG30073,https://biocyc.org/gene?orgid=ECOLI&id=EG30073,5S ribosomal RNA,RRFD-RRNA,https://biocyc.org/gene?orgid=ECOLI&id=RRFD-RRNA
135,rrfA,EG30070,https://biocyc.org/gene?orgid=ECOLI&id=EG30070,5S ribosomal RNA,RRFA-RRNA,https://biocyc.org/gene?orgid=ECOLI&id=RRFA-RRNA
136,ileU,EG30044,https://biocyc.org/gene?orgid=ECOLI&id=EG30044,tRNA-Ile(GAU),ileU-tRNA,https://biocyc.org/gene?orgid=ECOLI&id=ileU-tRNA
137,ileV,EG30045,https://biocyc.org/gene?orgid=ECOLI&id=EG30045,tRNA-Ile(GAU),ileV-tRNA,https://biocyc.org/gene?orgid=ECOLI&id=ileV-tRNA
138,ileY,G7387,https://biocyc.org/gene?orgid=ECOLI&id=G7387,tRNA-Ile(CAU),RNA0-305,https://biocyc.org/gene?orgid=ECOLI&id=RNA0-305
139,ileX,EG30046,https://biocyc.org/gene?orgid=ECOLI&id=EG30046,tRNA-Ile(CAU),ileX-tRNA,https://biocyc.org/gene?orgid=ECOLI&id=ileX-tRNA
140,ileT,EG30043,https://biocyc.org/gene?orgid=ECOLI&id=EG30043,tRNA-Ile(GAU),ileT-tRNA,https://biocyc.org/gene?orgid=ECOLI&id=ileT-tRNA
141,metW,EG31117,https://biocyc.org/gene?orgid=ECOLI&id=EG31117,tRNA-initiator Met(CAU),metW-tRNA,https://biocyc.org/gene?orgid=ECOLI&id=metW-tRNA
142,metY,EG30061,https://biocyc.org/gene?orgid=ECOLI&id=EG30061,tRNA-initiator Met(CAU),metY-tRNA,https://biocyc.org/gene?orgid=ECOLI&id=metY-tRNA
143,metZ,EG30062,https://biocyc.org/gene?orgid=ECOLI&id=EG30062,tRNA-initiator Met(CAU),metZ-tRNA,https://biocyc.org/gene?orgid=ECOLI&id=metZ-tRNA
144,metV,EG30060,https://biocyc.org/gene?orgid=ECOLI&id=EG30060,tRNA-initiator Met(CAU),RNA0-306,https://biocyc.org/gene?orgid=ECOLI&id=RNA0-306
145,aspU,EG30024,https://biocyc.org/gene?orgid=ECOLI&id=EG30024,tRNA-Asp(GUC),aspU-tRNA,https://biocyc.org/gene?orgid=ECOLI&id=aspU-tRNA
146,aspV,EG30025,https://biocyc.org/gene?orgid=ECOLI&id=EG30025,tRNA-Asp(GUC),aspV-tRNA,https://biocyc.org/gene?orgid=ECOLI&id=aspV-tRNA
147,aspT,EG30023,https://biocyc.org/gene?orgid=ECOLI&id=EG30023,tRNA-Asp(GUC),aspT-tRNA,https://biocyc.org/gene?orgid=ECOLI&id=aspT-tRNA
148,hisR,EG30042,https://biocyc.org/gene?orgid=ECOLI&id=EG30042,tRNA-His(GUG),hisR-tRNA,https://biocyc.org/gene?orgid=ECOLI&id=hisR-tRNA
149,trpT,EG30105,https://biocyc.org/gene?orgid=ECOLI&id=EG30105,tRNA-Trp(CCA),trpT-tRNA,https://biocyc.org/gene?orgid=ECOLI&id=trpT-tRNA
150,,,,tRNA queuine,TRNA-QUEUINE,https://biocyc.org/gene?orgid=ECOLI&id=TRNA-QUEUINE
151,,,,tRNA,TRNA,https://biocyc.org/gene?orgid=ECOLI&id=TRNA
152,,,,tRNA guanine,TRNA-GUANINE,https://biocyc.org/gene?orgid=ECOLI&id=TRNA-GUANINE
153,allZ,G0-17106,https://biocyc.org/gene?orgid=ECOLI&id=G0-17106,small RNA AllZ,RNA0-424,https://biocyc.org/ECOLI/NEW-IMAGE?type=Polynucleotides&object=RNA0-424
154,G0-10706,G0-10706,https://biocyc.org/gene?orgid=ECOLI&id=G0-10706,small RNA,RNA0-368,https://biocyc.org/ECOLI/NEW-IMAGE?type=Polynucleotides&object=RNA0-368
155,tff,G0-8895,https://biocyc.org/gene?orgid=ECOLI&id=G0-8895,putative small RNA T44,T44-RNA,https://biocyc.org/ECOLI/NEW-IMAGE?type=Polynucleotides&object=T44-RNA
156,motR,G0-17103,https://biocyc.org/gene?orgid=ECOLI&id=G0-17103,small RNA MotR,RNA0-421,https://biocyc.org/ECOLI/NEW-IMAGE?type=Polynucleotides&object=RNA0-421
157,ryjB,G0-10609,https://biocyc.org/gene?orgid=ECOLI&id=G0-10609,small RNA RyjB,RNA0-333,https://biocyc.org/ECOLI/NEW-IMAGE?type=Polynucleotides&object=RNA0-333
158,sraA,G0-8861,https://biocyc.org/gene?orgid=ECOLI&id=G0-8861,small RNA SraA,SRAA-RNA,https://biocyc.org/ECOLI/NEW-IMAGE?type=Polynucleotides&object=SRAA-RNA
159,narS,G0-17088,https://biocyc.org/gene?orgid=ECOLI&id=G0-17088,putative small regulatory RNA NarS,RNA0-416,https://biocyc.org/ECOLI/NEW-IMAGE?type=Polynucleotides&object=RNA0-416
160,rdlA,G0-9603,https://biocyc.org/gene?orgid=ECOLI&id=G0-9603,putative antisense regulatory RNA RdlA,RNA0-161,https://biocyc.org/ECOLI/NEW-IMAGE?type=Polynucleotides&object=RNA0-161
161,rybA,G0-8881,https://biocyc.org/gene?orgid=ECOLI&id=G0-8881,small RNA RybA,RYBA-RNA,https://biocyc.org/ECOLI/NEW-IMAGE?type=Polynucleotides&object=RYBA-RNA
162,raiZ,G0-17078,https://biocyc.org/gene?orgid=ECOLI&id=G0-17078,small RNA RaiZ,RNA0-407,https://biocyc.org/ECOLI/NEW-IMAGE?type=Polynucleotides&object=RNA0-407
163,isrC,G0-8905,https://biocyc.org/gene?orgid=ECOLI&id=G0-8905,CP4-44 prophage; small RNA IsrC,IS102-RNA,https://biocyc.org/ECOLI/NEW-IMAGE?type=Polynucleotides&object=IS102-RNA
164,sokE,G0-17110,https://biocyc.org/gene?orgid=ECOLI&id=G0-17110,small RNA SokE,RNA0-428,https://biocyc.org/ECOLI/NEW-IMAGE?type=Polynucleotides&object=RNA0-428
165,ryeG,G0-16635,https://biocyc.org/gene?orgid=ECOLI&id=G0-16635,small RNA RyeG,RNA0-387,https://biocyc.org/ECOLI/NEW-IMAGE?type=Polynucleotides&object=RNA0-387
166,bhsB,G0-17107,https://biocyc.org/gene?orgid=ECOLI&id=G0-17107,small RNA BhsB,RNA0-425,https://biocyc.org/ECOLI/NEW-IMAGE?type=Polynucleotides&object=RNA0-425
167,esrE,G0-10737,https://biocyc.org/gene?orgid=ECOLI&id=G0-10737,small RNA EsrE,RNA0-372,https://biocyc.org/ECOLI/NEW-IMAGE?type=Polynucleotides&object=RNA0-372
168,uhpU,G0-17104,https://biocyc.org/gene?orgid=ECOLI&id=G0-17104,small RNA UhpU,RNA0-422,https://biocyc.org/ECOLI/NEW-IMAGE?type=Polynucleotides&object=RNA0-422
169,sokX,G0-10695,https://biocyc.org/gene?orgid=ECOLI&id=G0-10695,small RNA SokX,RNA0-357,https://biocyc.org/ECOLI/NEW-IMAGE?type=Polynucleotides&object=RNA0-357
170,sraB,G0-8862,https://biocyc.org/gene?orgid=ECOLI&id=G0-8862,small RNA SraB,SRAB-RNA,https://biocyc.org/ECOLI/NEW-IMAGE?type=Polynucleotides&object=SRAB-RNA
171,flgO,G0-17101,https://biocyc.org/gene?orgid=ECOLI&id=G0-17101,small RNA FlgO,RNA0-419,https://biocyc.org/ECOLI/NEW-IMAGE?type=Polynucleotides&object=RNA0-419
172,rttR,G0-9609,https://biocyc.org/gene?orgid=ECOLI&id=G0-9609,small RNA RttR,RNA0-164,https://biocyc.org/ECOLI/NEW-IMAGE?type=Polynucleotides&object=RNA0-164
173,ryeA,G0-8865,https://biocyc.org/gene?orgid=ECOLI&id=G0-8865,small antisense RNA RyeA,RYEA-RNA,https://biocyc.org/ECOLI/NEW-IMAGE?type=Polynucleotides&object=RYEA-RNA
174,ipeX,G0-17079,https://biocyc.org/gene?orgid=ECOLI&id=G0-17079,small RNA IpeX,RNA0-408,https://biocyc.org/ECOLI/NEW-IMAGE?type=Polynucleotides&object=RNA0-408
175,sroE,G0-9385,https://biocyc.org/gene?orgid=ECOLI&id=G0-9385,small RNA SroE,RNA0-126,https://biocyc.org/ECOLI/NEW-IMAGE?type=Polynucleotides&object=RNA0-126
176,glnZ,G0-17117,https://biocyc.org/gene?orgid=ECOLI&id=G0-17117,small regulatory RNA GlnZ,RNA0-434,https://biocyc.org/ECOLI/NEW-IMAGE?type=Polynucleotides&object=RNA0-434
177,sroA,G0-9381,https://biocyc.org/gene?orgid=ECOLI&id=G0-9381,small RNA SroA,RNA0-404,https://biocyc.org/ECOLI/NEW-IMAGE?type=Polynucleotides&object=RNA0-404
178,kilS,G0-17108,https://biocyc.org/gene?orgid=ECOLI&id=G0-17108,Rac prophage; small RNA KilS,RNA0-426,https://biocyc.org/ECOLI/NEW-IMAGE?type=Polynucleotides&object=RNA0-426
179,nc1,G0-10738,https://biocyc.org/gene?orgid=ECOLI&id=G0-10738,small noncoding RNA involved in nucleoid organization,RNA0-378,https://biocyc.org/ECOLI/NEW-IMAGE?type=Polynucleotides&object=RNA0-378
180,aceK-int,G0-17105,https://biocyc.org/gene?orgid=ECOLI&id=G0-17105,small RNA AceK-int,RNA0-423,https://biocyc.org/ECOLI/NEW-IMAGE?type=Polynucleotides&object=RNA0-423
181,eyeA,G0-10696,https://biocyc.org/gene?orgid=ECOLI&id=G0-10696,CP4-6 prophage; small RNA EyeA,RNA0-358,https://biocyc.org/ECOLI/NEW-IMAGE?type=Polynucleotides&object=RNA0-358
182,ryjA,G0-8875,https://biocyc.org/gene?orgid=ECOLI&id=G0-8875,small RNA RyjA,SRAL-RNA,https://biocyc.org/ECOLI/NEW-IMAGE?type=Polynucleotides&object=SRAL-RNA
183,fliX,G0-17102,https://biocyc.org/gene?orgid=ECOLI&id=G0-17102,small RNA FliX,RNA0-420,https://biocyc.org/ECOLI/NEW-IMAGE?type=Polynucleotides&object=RNA0-420
184,istR,G0-10201,https://biocyc.org/gene?orgid=ECOLI&id=G0-10201,small RNA IstR-2,RNA0-281,https://biocyc.org/ECOLI/NEW-IMAGE?type=Polynucleotides&object=RNA0-281
185,sibA,G0-8884,https://biocyc.org/gene?orgid=ECOLI&id=G0-8884,small RNA SibA,RYEC-RNA,https://biocyc.org/ECOLI/NEW-IMAGE?type=Polynucleotides&object=RYEC-RNA
186,timR,G0-17086,https://biocyc.org/gene?orgid=ECOLI&id=G0-17086,putative small regulatory RNA TimR,RNA0-414,https://biocyc.org/ECOLI/NEW-IMAGE?type=Polynucleotides&object=RNA0-414
187,sroH,G0-9388,https://biocyc.org/gene?orgid=ECOLI&id=G0-9388,small RNA SroH,RNA0-128,https://biocyc.org/ECOLI/NEW-IMAGE?type=Polynucleotides&object=RNA0-128
188,asflhD,G0-17119,https://biocyc.org/gene?orgid=ECOLI&id=G0-17119,small antisense RNA AsflhD,RNA0-435,https://biocyc.org/ECOLI/NEW-IMAGE?type=Polynucleotides&object=RNA0-435
189,orzP,G0-17076,https://biocyc.org/gene?orgid=ECOLI&id=G0-17076,small RNA OrzP,RNA0-405,https://biocyc.org/ECOLI/NEW-IMAGE?type=Polynucleotides&object=RNA0-405
190,xylZ,G0-17109,https://biocyc.org/gene?orgid=ECOLI&id=G0-17109,small RNA XylZ,RNA0-427,https://biocyc.org/ECOLI/NEW-IMAGE?type=Polynucleotides&object=RNA0-427
191,agrA,G0-10751,https://biocyc.org/gene?orgid=ECOLI&id=G0-10751,small RNA AgrA,RNA0-379,https://biocyc.org/ECOLI/NEW-IMAGE?type=Polynucleotides&object=RNA0-379
192,rnpB,EG30069,https://biocyc.org/gene?orgid=ECOLI&id=EG30069,RNase P catalytic RNA component,RNPB-RNA,https://biocyc.org/gene?orgid=ECOLI&id=RNPB-RNA
193,rrsD,EG30087,https://biocyc.org/gene?orgid=ECOLI&id=EG30087,16S ribosomal RNA,RRSD-RRNA,https://biocyc.org/gene?orgid=ECOLI&id=RRSD-RRNA
194,naRNA4,G0-16697,https://biocyc.org/gene?orgid=ECOLI&id=G0-16697,naRNA4,RNA0-396,https://biocyc.org/gene?orgid=ECOLI&id=RNA0-396
195,rrsA,EG30084,https://biocyc.org/gene?orgid=ECOLI&id=EG30084,16S ribosomal RNA,RRSA-RRNA,https://biocyc.org/gene?orgid=ECOLI&id=RRSA-RRNA
196,naRNA1,G0-16694,https://biocyc.org/gene?orgid=ECOLI&id=G0-16694,naRNA1,RNA0-393,https://biocyc.org/gene?orgid=ECOLI&id=RNA0-393
197,rrsE,EG30088,https://biocyc.org/gene?orgid=ECOLI&id=EG30088,16S ribosomal RNA,RRSE-RRNA,https://biocyc.org/gene?orgid=ECOLI&id=RRSE-RRNA
198,naRNA5,G0-16698,https://biocyc.org/gene?orgid=ECOLI&id=G0-16698,naRNA5,RNA0-397,https://biocyc.org/gene?orgid=ECOLI&id=RNA0-397
199,rrsB,EG30085,https://biocyc.org/gene?orgid=ECOLI&id=EG30085,16S ribosomal RNA,RRSB-RRNA,https://biocyc.org/gene?orgid=ECOLI&id=RRSB-RRNA
200,naRNA2,G0-16695,https://biocyc.org/gene?orgid=ECOLI&id=G0-16695,naRNA2,RNA0-394,https://biocyc.org/gene?orgid=ECOLI&id=RNA0-394
201,rrsG,EG30089,https://biocyc.org/gene?orgid=ECOLI&id=EG30089,16S ribosomal RNA,RRSG-RRNA,https://biocyc.org/gene?orgid=ECOLI&id=RRSG-RRNA
202,naRNA6,G0-16699,https://biocyc.org/gene?orgid=ECOLI&id=G0-16699,naRNA6,RNA0-398,https://biocyc.org/gene?orgid=ECOLI&id=RNA0-398
203,rrsC,EG30086,https://biocyc.org/gene?orgid=ECOLI&id=EG30086,16S ribosomal RNA,RRSC-RRNA,https://biocyc.org/gene?orgid=ECOLI&id=RRSC-RRNA
204,naRNA3,G0-16696,https://biocyc.org/gene?orgid=ECOLI&id=G0-16696,naRNA3,RNA0-395,https://biocyc.org/gene?orgid=ECOLI&id=RNA0-395
205,rrsH,EG30090,https://biocyc.org/gene?orgid=ECOLI&id=EG30090,16S ribosomal RNA,RRSH-RRNA,https://biocyc.org/gene?orgid=ECOLI&id=RRSH-RRNA
206,ffs,EG30027,https://biocyc.org/gene?orgid=ECOLI&id=EG30027,signal recognition particle 4.5S RNA,FFS-RNA,https://biocyc.org/gene?orgid=ECOLI&id=FFS-RNA
207,proK,EG30066,https://biocyc.org/gene?orgid=ECOLI&id=EG30066,tRNA-Pro(CGG),proK-tRNA,https://biocyc.org/gene?orgid=ECOLI&id=proK-tRNA
208,proL,EG30067,https://biocyc.org/gene?orgid=ECOLI&id=EG30067,tRNA-Pro(GGG),proL-tRNA,https://biocyc.org/gene?orgid=ECOLI&id=proL-tRNA
209,proM,EG30068,https://biocyc.org/gene?orgid=ECOLI&id=EG30068,tRNA-Pro(UGG),proM-tRNA,https://biocyc.org/gene?orgid=ECOLI&id=proM-tRNA
210,valZ,G6389,https://biocyc.org/gene?orgid=ECOLI&id=G6389,tRNA-Val(UAC),RNA0-300,https://biocyc.org/gene?orgid=ECOLI&id=RNA0-300
211,valW,EG30112,https://biocyc.org/gene?orgid=ECOLI&id=EG30112,tRNA-Val(GAC),valW-tRNA,https://biocyc.org/gene?orgid=ECOLI&id=valW-tRNA
212,valT,EG30109,https://biocyc.org/gene?orgid=ECOLI&id=EG30109,tRNA-Val(UAC),valT-tRNA,https://biocyc.org/gene?orgid=ECOLI&id=valT-tRNA
213,valX,EG30113,https://biocyc.org/gene?orgid=ECOLI&id=EG30113,tRNA-Val(UAC),valX-tRNA,https://biocyc.org/gene?orgid=ECOLI&id=valX-tRNA
214,valU,EG30110,https://biocyc.org/gene?orgid=ECOLI&id=EG30110,tRNA-Val(UAC),valU-tRNA,https://biocyc.org/gene?orgid=ECOLI&id=valU-tRNA
215,valY,EG30114,https://biocyc.org/gene?orgid=ECOLI&id=EG30114,tRNA-Val(UAC),valY-tRNA,https://biocyc.org/gene?orgid=ECOLI&id=valY-tRNA
216,valV,EG30111,https://biocyc.org/gene?orgid=ECOLI&id=EG30111,tRNA-Val(GAC),valV-tRNA,https://biocyc.org/gene?orgid=ECOLI&id=valV-tRNA
217,asnU,EG30021,https://biocyc.org/gene?orgid=ECOLI&id=EG30021,tRNA-Asn(GUU),asnU-tRNA,https://biocyc.org/gene?orgid=ECOLI&id=asnU-tRNA
218,asnV,EG30022,https://biocyc.org/gene?orgid=ECOLI&id=EG30022,tRNA-Asn(GUU),asnV-tRNA,https://biocyc.org/gene?orgid=ECOLI&id=asnV-tRNA
219,asnW,G7069,https://biocyc.org/gene?orgid=ECOLI&id=G7069,tRNA-Asn(GUU),RNA0-304,https://biocyc.org/gene?orgid=ECOLI&id=RNA0-304
220,asnT,EG30020,https://biocyc.org/gene?orgid=ECOLI&id=EG30020,tRNA-Asn(GUU),asnT-tRNA,https://biocyc.org/gene?orgid=ECOLI&id=asnT-tRNA
221,tyrV,EG30108,https://biocyc.org/gene?orgid=ECOLI&id=EG30108,tRNA-Tyr(GUA),tyrV-tRNA,https://biocyc.org/gene?orgid=ECOLI&id=tyrV-tRNA
222,tyrT,EG30106,https://biocyc.org/gene?orgid=ECOLI&id=EG30106,tRNA-Tyr(GUA),tyrT-tRNA,https://biocyc.org/gene?orgid=ECOLI&id=tyrT-tRNA
223,tyrU,EG30107,https://biocyc.org/gene?orgid=ECOLI&id=EG30107,tRNA-Tyr(GUA),tyrU-tRNA,https://biocyc.org/gene?orgid=ECOLI&id=tyrU-tRNA
224,gltV,EG30034,https://biocyc.org/gene?orgid=ECOLI&id=EG30034,tRNA-Glu(UUC),gltV-tRNA,https://biocyc.org/gene?orgid=ECOLI&id=gltV-tRNA
225,gltW,EG30035,https://biocyc.org/gene?orgid=ECOLI&id=EG30035,tRNA-Glu(UUC),gltW-tRNA,https://biocyc.org/gene?orgid=ECOLI&id=gltW-tRNA
226,gltT,EG30032,https://biocyc.org/gene?orgid=ECOLI&id=EG30032,tRNA-Glu(UUC),gltT-tRNA,https://biocyc.org/gene?orgid=ECOLI&id=gltT-tRNA
227,gltU,EG30033,https://biocyc.org/gene?orgid=ECOLI&id=EG30033,tRNA-Glu(UUC),gltU-tRNA,https://biocyc.org/gene?orgid=ECOLI&id=gltU-tRNA
228,argX,EG30017,https://biocyc.org/gene?orgid=ECOLI&id=EG30017,tRNA-Arg(CCG),argX-tRNA,https://biocyc.org/gene?orgid=ECOLI&id=argX-tRNA
229,argU,EG30014,https://biocyc.org/gene?orgid=ECOLI&id=EG30014,tRNA-Arg(UCU),argU-tRNA,https://biocyc.org/gene?orgid=ECOLI&id=argU-tRNA
230,argY,EG30018,https://biocyc.org/gene?orgid=ECOLI&id=EG30018,tRNA-Arg(ACG),argY-tRNA,https://biocyc.org/gene?orgid=ECOLI&id=argY-tRNA
231,argV,EG30015,https://biocyc.org/gene?orgid=ECOLI&id=EG30015,tRNA-Arg(ACG),argV-tRNA,https://biocyc.org/gene?orgid=ECOLI&id=argV-tRNA
232,argZ,EG30019,https://biocyc.org/gene?orgid=ECOLI&id=EG30019,tRNA-Arg(ACG),argZ-tRNA,https://biocyc.org/gene?orgid=ECOLI&id=argZ-tRNA
233,argW,EG30016,https://biocyc.org/gene?orgid=ECOLI&id=EG30016,tRNA-Arg(CCU),argW-tRNA,https://biocyc.org/gene?orgid=ECOLI&id=argW-tRNA
234,argQ,EG30013,https://biocyc.org/gene?orgid=ECOLI&id=EG30013,tRNA-Arg(ACG),argQ-tRNA,https://biocyc.org/gene?orgid=ECOLI&id=argQ-tRNA
